tag_id,tag_name,cover,head_cover,content,short_content,type,state,ctime,count,is_atten,likes,hates,attribute,liked,hated,extra_attr,music_id,tag_type,is_activity,color,alpha,is_season,subscribed_count,archive_count,featured_count,jump_url,aid
69053,星级争霸2,,,,,3,0,1436866637,"{'view': 0, 'use': 5546, 'atten': 65}",0,0,0,0,0,0,0,,old_channel,False,,0,False,65,-,0,,1240008
536,原创,,,1,,3,0,1436866637,"{'view': 0, 'use': 16407718, 'atten': 239592}",0,0,0,0,0,0,0,,old_channel,False,,0,False,239592,-,0,,1240008
699789,新ED上线,,,,,0,0,1436866637,"{'view': 0, 'use': 1, 'atten': 0}",0,0,0,0,0,0,0,,old_channel,False,,0,False,0,-,0,,1240008
657982,干死杨梅！,,,,,0,0,1436866637,"{'view': 0, 'use': 6, 'atten': 0}",0,0,0,0,0,0,0,,old_channel,False,,0,False,0,-,0,,1240008
597519,用脚打星际,,,,,0,0,1436866637,"{'view': 0, 'use': 4, 'atten': 0}",0,0,0,0,0,0,0,,old_channel,False,,0,False,0,-,0,,1240008
5033,DNF,http://i0.hdslb.com/bfs/archive/d18e185495d229110dbdc1f936ca7f1e488f0af3.jpg,http://i0.hdslb.com/bfs/archive/0796c56d8e19aa977d4071744fae05dee1545b7b.jpg,地下城与勇士是一款2D卷轴式横版格斗过关网络游戏，大量继承了众多家用机、街机2D格斗游戏的特色。,,3,0,1436866637,"{'view': 0, 'use': 2658295, 'atten': 246889}",0,0,0,0,0,0,0,,new_channel,False,#795136,60,False,246889,128.1万,1103,,1240000
673152,实况攻略,http://i0.hdslb.com/bfs/archive/07068dad9763fcd3df5d2483b629fe843f067e9e.jpg,http://i0.hdslb.com/bfs/archive/3d062e10b66f1a120600bb340c8eeac01ff4bc1f.jpg,游戏实况与攻略视频,,3,0,1436866637,"{'view': 0, 'use': 40086, 'atten': 25420}",0,0,0,0,0,0,0,,old_channel,False,,0,False,25420,-,0,,1240000
44367,网络游戏,http://i0.hdslb.com/bfs/archive/9714ceefa3d81882cc49e1d4fadf8258aa5ad5d0.jpg,http://i0.hdslb.com/bfs/archive/dcecc9df4e3f8f7debcdd2cbdd7473c72aa75899.png,由网络运营商运营的多人在线游戏，以及电子竞技的相关游戏内容，包括赛事、攻略，实况、解说、短剧等视频。,,3,0,1436866637,"{'view': 0, 'use': 11319570, 'atten': 104431}",0,0,0,0,0,0,0,,old_channel,False,,0,False,104431,-,0,,1240000
1939,漫游,,,,,3,0,1436866637,"{'view': 0, 'use': 16281, 'atten': 347}",0,0,0,0,0,0,0,,old_channel,False,,0,False,347,-,0,,1240000
7160,实况解说,http://i0.hdslb.com/bfs/tag/36955b7e83ff9f5053cf23bd870d720a598c53aa.jpg,,,,3,0,1436866637,"{'view': 0, 'use': 2788253, 'atten': 26054}",0,0,0,0,0,0,0,,old_channel,False,,0,False,26054,-,0,,1240000
2503,PK,,,,,3,0,1436866637,"{'view': 0, 'use': 132854, 'atten': 322}",0,0,0,0,0,0,0,,old_channel,False,,0,False,322,-,0,,1240000
5033,DNF,http://i0.hdslb.com/bfs/archive/d18e185495d229110dbdc1f936ca7f1e488f0af3.jpg,http://i0.hdslb.com/bfs/archive/0796c56d8e19aa977d4071744fae05dee1545b7b.jpg,地下城与勇士是一款2D卷轴式横版格斗过关网络游戏，大量继承了众多家用机、街机2D格斗游戏的特色。,,3,0,1436866637,"{'view': 0, 'use': 2658295, 'atten': 246889}",0,0,0,0,0,0,0,,new_channel,False,#795136,60,False,246889,128.1万,1103,,1240006
263089,游戏集锦,http://i0.hdslb.com/bfs/archive/48847e5dc94a9a2526846d7d6051dedc4976066f.png,http://i0.hdslb.com/bfs/tag/c47710d730162f1e1c49d23e68aa0bf42b83b0e9.jpg,,,3,0,1436866637,"{'view': 0, 'use': 1814907, 'atten': 247649}",0,0,0,0,0,0,0,,new_channel,False,#67CFCC,60,False,247649,131.5万,5622,,1240006
44367,网络游戏,http://i0.hdslb.com/bfs/archive/9714ceefa3d81882cc49e1d4fadf8258aa5ad5d0.jpg,http://i0.hdslb.com/bfs/archive/dcecc9df4e3f8f7debcdd2cbdd7473c72aa75899.png,由网络运营商运营的多人在线游戏，以及电子竞技的相关游戏内容，包括赛事、攻略，实况、解说、短剧等视频。,,3,0,1436866637,"{'view': 0, 'use': 11319570, 'atten': 104431}",0,0,0,0,0,0,0,,old_channel,False,,0,False,104431,-,0,,1240006
29222,小苹果,http://i0.hdslb.com/bfs/tag/a8b0225b34e8c6f5635b90af302bbd887bf677a0.jpg,,新一代广场舞神曲，蟹柳棒兄弟最新单曲，裴涩琪闪耀出演，催人泪下的穿越轮回MV——【小苹果】，热力洗脑中！,,3,0,1436866637,"{'view': 0, 'use': 14072, 'atten': 131}",0,0,0,0,0,0,0,,old_channel,False,,0,False,131,-,0,,1240006
1939,漫游,,,,,3,0,1436866637,"{'view': 0, 'use': 16281, 'atten': 347}",0,0,0,0,0,0,0,,old_channel,False,,0,False,347,-,0,,1240006
673152,实况攻略,http://i0.hdslb.com/bfs/archive/07068dad9763fcd3df5d2483b629fe843f067e9e.jpg,http://i0.hdslb.com/bfs/archive/3d062e10b66f1a120600bb340c8eeac01ff4bc1f.jpg,游戏实况与攻略视频,,3,0,1436866637,"{'view': 0, 'use': 40086, 'atten': 25420}",0,0,0,0,0,0,0,,old_channel,False,,0,False,25420,-,0,,1240004
10174,音乐游戏,http://i0.hdslb.com/bfs/archive/a4aa17b6b0961ac940a9985d9e79c23293247ed8.jpg,http://i0.hdslb.com/bfs/archive/1bb25b2c2a641f7d9b743ec6dfafe1a18e5841ba.png,,,3,0,1436866637,"{'view': 0, 'use': 1410599, 'atten': 24727}",0,0,0,0,0,0,0,,old_channel,False,,0,False,24727,-,0,,1240004
512,触手,,,,,3,0,1436866637,"{'view': 0, 'use': 17194, 'atten': 16259}",0,0,0,0,0,0,0,,old_channel,False,,0,False,16259,-,0,,1240004
7160,实况解说,http://i0.hdslb.com/bfs/tag/36955b7e83ff9f5053cf23bd870d720a598c53aa.jpg,,,,3,0,1436866637,"{'view': 0, 'use': 2788253, 'atten': 26054}",0,0,0,0,0,0,0,,old_channel,False,,0,False,26054,-,0,,1240004
582265,玛依拉MAIRA,http://i0.hdslb.com/bfs/tag/4eec444eecc71096d9a91a5a91e28b931bb0ab34.jpg,,,,0,0,1436866637,"{'view': 0, 'use': 11, 'atten': 0}",0,0,0,0,0,0,0,,old_channel,False,,0,False,0,-,0,,1240004
575574,真渣组,,,,,0,0,1436866637,"{'view': 0, 'use': 4, 'atten': 0}",0,0,0,0,0,0,0,,old_channel,False,,0,False,0,-,0,,1240004
4409,教官,,,,,0,0,1436866637,"{'view': 0, 'use': 4270, 'atten': 195}",0,0,0,0,0,0,0,,old_channel,False,,0,False,195,-,0,,1240004
23292,ACG音乐,http://i0.hdslb.com/bfs/archive/103d4c32e134654e93bdd976933fe2874516a172.jpg,http://i0.hdslb.com/bfs/archive/2bd98de8e6fe0af41d9ca264a8e10b087e365ef6.jpg,ACG音乐相关,ACG音乐相关,3,0,1436866637,"{'view': 0, 'use': 427270, 'atten': 54901}",0,0,0,0,0,0,0,,old_channel,False,,0,False,54901,-,0,,1240015
4685,好想告诉你,http://i0.hdslb.com/bfs/tag/611cab02bc66c0f758918f02b47451660655c5e6.jpg,,"传说中的“贞子”浓黑的长发，就算是在盛夏也惨白的皮肤，阴沉的脸，连笑容都让人感到恐惧，只要与她对视3秒就会石化。更不用说接近她，令人发毛的阴森感。就是她——黑沼爽子，一个早已经被遗忘的名字，被大家称做“贞子”的女生，从小学到高中都是如此。几乎没有人知道她的本名，天天都被人害怕着。其实，她只是阴沉了一点点而已，只是而已啦。笑起来有点恐怖，周围的空气流动比较诡异点而已。

《好想告诉你》是日本漫画家椎名轻穗创作的一部少女漫画，在集英社旗下的漫画杂志《别册玛格丽特》上连载。2008年获得宝岛社“这本漫画真厉害！”奖少女系作品第一名、讲谈社漫画赏少女部门赏。TV动画的第一季于2009年10月放送，第二季于2011年1月放送。作品还被改编为AVG游戏。",,3,0,1436866637,"{'view': 0, 'use': 2384, 'atten': 118}",0,0,0,0,0,0,0,,old_channel,False,,0,False,118,-,0,,1240015
530,OP,,,,,3,0,1436866637,"{'view': 0, 'use': 251220, 'atten': 91875}",0,0,0,0,0,0,0,,old_channel,False,,0,False,91875,-,0,,1240015
101291,黑沼爽子,,,,,0,0,1436866637,"{'view': 0, 'use': 138, 'atten': 3}",0,0,0,0,0,0,0,,old_channel,False,,0,False,3,-,0,,1240015
33975,风早翔太,,,,,0,0,1436866637,"{'view': 0, 'use': 154, 'atten': 5}",0,0,0,0,0,0,0,,old_channel,False,,0,False,5,-,0,,1240015
242864,300英雄,http://i0.hdslb.com/bfs/tag/83eea7fb4d28ff827269841942c0ed7307055fd4.png,http://i0.hdslb.com/bfs/tag/8439e4fbf60a86c0586faa0b5f368c5ff7d83625.jpg,《300英雄》是由上海跳跃网络科技有限公司自主研发，深圳中青宝互动网络股份有限公司运营的一款类DOTA网游。《300 英雄》中的英雄以二次元世界中的各种超人气动漫角色为主，玩家可打破次元界限，穿越于无限的二次元时空中，玩享受时下最精致刺激、趣味无穷的动漫娱乐狂欢盛宴。,,3,0,1436866637,"{'view': 0, 'use': 244265, 'atten': 43804}",0,0,0,0,0,0,0,,new_channel,False,#517ECA,60,False,43804,14.4万,48,,1240018
62526,电子竞技,http://i0.hdslb.com/bfs/archive/a2a72561d08920a244b789b76ebf09c40028e661.jpg,http://i0.hdslb.com/bfs/archive/6b9942efbef31dd77ed49c492af34a32950efbcf.png,电子竞技（Electronic Sports）就是电子游戏比赛达到“竞技”层面的体育项目。,,3,0,1436866637,"{'view': 0, 'use': 8797061, 'atten': 111740}",0,0,0,0,0,0,0,,old_channel,False,,0,False,111740,-,0,,1240018
673152,实况攻略,http://i0.hdslb.com/bfs/archive/07068dad9763fcd3df5d2483b629fe843f067e9e.jpg,http://i0.hdslb.com/bfs/archive/3d062e10b66f1a120600bb340c8eeac01ff4bc1f.jpg,游戏实况与攻略视频,,3,0,1436866637,"{'view': 0, 'use': 40086, 'atten': 25420}",0,0,0,0,0,0,0,,old_channel,False,,0,False,25420,-,0,,1240018
10881,机动战士高达,http://i0.hdslb.com/bfs/tag/eacb5039557edd138879b0553fa61c0f878a7045.jpg,,"机动战士（Mobile Suit）简称MS，其中Suit是Space Utility Instruments Tactical （战术泛用宇宙机动机械）的缩写（当然也有局地战用机型）。这是一种高约15~18米的巨大人形机动兵器（也有个别高到50m）。开发成人形是为了执行AMBAC机动，这对于宇宙中机器人的机动性及实战能力有较大提升；会被开发是因为米诺夫斯基粒子造成无线电波等远程控制失效，使得战斗不能赖导弹等制导武器，战斗必需在双方接近至有视界才能进行，而MS拥有高机动能力与强大的火力（万能吊臂般的双手使得MS的携行武装可轻易变更）、防护力与较高度的泛用能力，所以在高达的世界观中巨大的战舰并非是最具威胁的兵器，MS可以较轻易的击毁没有MS保护的战舰。
 
　　机动战士是日本真实系机器人系列动画《机动战士高达》的机器人角色的统称。而机动战士中的高达（GUNDAM）才是动画的主角代表性机器人。由于发音太囧，于是人们就叫它刚大木。
",,3,0,1436866637,"{'view': 0, 'use': 230098, 'atten': 7142}",0,0,0,0,0,0,0,,old_channel,False,,0,False,7142,-,0,,1240018
7160,实况解说,http://i0.hdslb.com/bfs/tag/36955b7e83ff9f5053cf23bd870d720a598c53aa.jpg,,,,3,0,1436866637,"{'view': 0, 'use': 2788253, 'atten': 26054}",0,0,0,0,0,0,0,,old_channel,False,,0,False,26054,-,0,,1240018
699781,对面玩家徒手拆高达,,,,,0,0,1436866637,"{'view': 0, 'use': 1, 'atten': 0}",0,0,0,0,0,0,0,,old_channel,False,,0,False,0,-,0,,1240018
699554,强袭自由·,,,,,0,0,1436866637,"{'view': 0, 'use': 1, 'atten': 0}",0,0,0,0,0,0,0,,old_channel,False,,0,False,0,-,0,,1240018
699557,【YOUTUBE奇趣精选】,,,,,0,0,1436866637,"{'view': 0, 'use': 3, 'atten': 0}",0,0,0,0,0,0,0,,old_channel,False,,0,False,0,-,0,,1240027
516,初音未来,http://i0.hdslb.com/bfs/tag/ce93714b3d572d3864fba108c31f8b8425b88169.png,http://i0.hdslb.com/bfs/archive/b6dfb72aeea24109c799b81518b8aa7856373f85.jpg,,,3,0,1436866637,"{'view': 0, 'use': 204127, 'atten': 240629}",0,0,0,0,0,0,0,,new_channel,False,#67CFCC,60,False,240629,27.8万,875,,1240025
290,VOCALOID,http://i0.hdslb.com/bfs/tag/6f449cf463ab1af2953d2d9933aa589507341d66.png,http://i0.hdslb.com/bfs/tag/953e149d5e0a0bbe21cc86f8d57d5e2d336cf08c.jpg,VOCALOID是Yamaha所开发的电子音乐制作语音合成软件。输入音调和歌词，便可以合成为人类声音的歌声。,创造专属于你自己的虚拟偶像。,3,0,1436866637,"{'view': 0, 'use': 324411, 'atten': 249901}",0,0,0,0,0,0,0,,new_channel,False,#67CFCC,60,False,249901,48.5万,1494,,1240025
207892,虚拟歌手,http://i0.hdslb.com/bfs/tag/6270f3411a2554a7125bd0d590a93386bef816f5.png,http://i0.hdslb.com/bfs/tag/35de540dccb7e634decda64fc6d4bc0e9b10450a.jpg,,,3,0,1436866637,"{'view': 0, 'use': 38152, 'atten': 29151}",0,0,0,0,0,0,0,,new_channel,False,#67CFCC,60,False,29151,60.9万,3629,,1240025
4140,初音MIKU,http://i0.hdslb.com/sp/d3/d33782988c88928f231a134273f3765d_s.png,,初音未来（初音ミク/Hatsune Miku），是2007年8月31日由CRYPTON FUTURE MEDIA以Yamaha的VOCALOID系列语音合成程序为基础开发的音源库，音源数据资料采样于日本声优藤田咲，随着“初音未来”声库的发售，这种成功的营销方式大幅改变了电子音乐人对于音乐业的认知和整个行业的格局。在衍生文化现象后，初音未来可指代包装封面上的那位葱色头发的少女形象，还可指活跃在动画漫画中的“人气歌手”。,,3,0,1436866637,"{'view': 0, 'use': 207459, 'atten': 139065}",0,0,0,0,0,0,0,,old_channel,False,,0,False,139065,-,0,,1240025
673152,实况攻略,http://i0.hdslb.com/bfs/archive/07068dad9763fcd3df5d2483b629fe843f067e9e.jpg,http://i0.hdslb.com/bfs/archive/3d062e10b66f1a120600bb340c8eeac01ff4bc1f.jpg,游戏实况与攻略视频,,3,0,1436866637,"{'view': 0, 'use': 40086, 'atten': 25420}",0,0,0,0,0,0,0,,old_channel,False,,0,False,25420,-,0,,1240033
2319,SD敢达,http://i0.hdslb.com/bfs/tag/8627f86cfda24e9b5c6978d6b0126e4ca88438ef.jpg,,日本BANDAI在韩国的分公司BANDAI KOREA，发表的网游《SD敢达》，这是一款以动画《高达》为题材开发的网络游戏。,,3,0,1436866637,"{'view': 0, 'use': 28317, 'atten': 725}",0,0,0,0,0,0,0,,old_channel,False,,0,False,725,-,0,,1240033
7160,实况解说,http://i0.hdslb.com/bfs/tag/36955b7e83ff9f5053cf23bd870d720a598c53aa.jpg,,,,3,0,1436866637,"{'view': 0, 'use': 2788253, 'atten': 26054}",0,0,0,0,0,0,0,,old_channel,False,,0,False,26054,-,0,,1240033
253448,RWBY,http://i0.hdslb.com/bfs/tag/d348bf1dbdda7fb6aeb7fa6d995e77a4428436ff.png,http://i0.hdslb.com/bfs/tag/3db364e93b5572542da3d67ed14290af5e90aa2a.jpg,"在类现代但是充满着超自然力量的世界中，四个拥有各自的特殊能力及武器的女孩，她们因各种原因聚在一起组成团队并接受训练，以对抗怪物、恶棍或其他类似的团体。在这系列之前，人类为了生存，发起了对黑暗戮兽（Grimm）的战争，直到他们发现“尘晶”（Dust）可以被用作魔力来源，这让人类得以对抗它们，并建立了文明世界...

RWBY，即红白黑黄，是一部将在2013年7月播出正片的动作向动画。RWBY是红白黑黄的开头大写字母，代表的是红、白、黑、黄四位女主角的称号。由美国知名动画公司Rooster Teeth员工Monty Oum及其团队制作。
虽在第一部预告片发布初期被不明真相的网友称作“小红帽的逆袭”，但主要作者Monty Oum已否认与任何现存童话相关。
本系列日前已放出第一部预告片RWBY-Red Trailer与第二部RWBY—White Trailer，2013年7月将会播出正片第一话，在第一话播出之前Black和Yellow预告片将会陆续上映。",,3,0,1436866637,"{'view': 0, 'use': 15559, 'atten': 11969}",0,0,0,0,0,0,0,,new_channel,False,#729DE6,60,True,11969,9795,41,,1240037
391,AMV,http://i0.hdslb.com/bfs/tag/9c3541ab7e955c3ab6fa44387be10f85e922ad1a.png,http://i0.hdslb.com/bfs/tag/bc7e4f96535442b08543cfbb818ea15a64245a2f.jpg,动画音乐录像（Anime Music Video，简称AMV）是由一个或几个动画组成，并搭配一首歌曲的短片。大多数AMV都不是官方发行的，而是动画爱好者自己剪辑、编排而成。因此AMV大多在网上发布。许多动漫展都要举行AMV的竞赛或展出。通常，AMV都局限于日本动画，和日式电子游戏。另外，多人合作的AMV通常被称为MEP（Multi-Editor Project）。,,3,0,1436866637,"{'view': 0, 'use': 1042839, 'atten': 191350}",0,0,0,0,0,0,0,,new_channel,False,#F35C87,60,False,191350,50.5万,2892,,1240037
485740,MAD.AMV,http://i0.hdslb.com/bfs/archive/8a8a3d683b63fbfbf60f9f82b3a9a8167146471a.png,http://i0.hdslb.com/bfs/archive/d461e67905be2684c3eadb0ac021ca7ed154cddd.jpg,,,3,0,1436866637,"{'view': 0, 'use': 200371, 'atten': 64876}",0,0,0,0,0,0,0,,old_channel,False,,0,False,64876,-,0,,1240037
699560,ROUNDTABLE RIVAL,,,,,0,0,1436866637,"{'view': 0, 'use': 1, 'atten': 0}",0,0,0,0,0,0,0,,old_channel,False,,0,False,0,-,0,,1240037
1506193,LINDSEY STIRLING,,,,,0,0,1452309497,"{'view': 0, 'use': 56, 'atten': 66}",0,0,0,0,0,0,0,,old_channel,False,,0,False,66,-,0,,1240037
678178,服饰搭配,,,,,3,0,1436866637,"{'view': 0, 'use': 107234, 'atten': 21491}",0,0,0,0,0,0,0,,old_channel,False,,0,False,21491,-,0,,1240038
699561,美女夏季服装介绍,,,,,0,0,1436866637,"{'view': 0, 'use': 3, 'atten': 0}",0,0,0,0,0,0,0,,old_channel,False,,0,False,0,-,0,,1240038
547268,AOMIKE,http://i0.hdslb.com/bfs/tag/13202cdeb022d4d99044ebba660f64bd83e600ca.jpg,,最爱的CP~~~你们快给小咖啡生个猴子妹妹/弟弟啦~~,,3,0,1436866637,"{'view': 0, 'use': 518, 'atten': 663}",0,0,0,0,0,0,0,,old_channel,False,,0,False,663,-,0,,1240034
547266,李海娜,,,,,3,0,1436866637,"{'view': 0, 'use': 805, 'atten': 207}",0,0,0,0,0,0,0,,old_channel,False,,0,False,207,-,0,,1240034
581491,MIKEANGELO,http://i0.hdslb.com/bfs/tag/ccf1342af9aafddee6c207ae3db973d3ccdc7454.jpg,,"泰版浪漫满屋男主Mike D.Angelo是泰国知名歌手演员，11岁进入娱乐圈，曾是全亚洲最大娱乐集团GMM超人气兄弟组合GOLF&amp;MIKE,后又与山下智久组团GYM。单飞后主攻电视电影，其代表作有《爱超越国界》《命定天堂》《善德之源》《Full House Thai（泰版浪漫满屋）》，电影《端岛计划》，音乐代表作有YOU、忽视、AYO、只是个男子等。同时担任音乐制作及MV导演。2012年凭借善德之源获最具潜质男星奖。2013年凭借命定天堂获最佳男主角奖。",,3,0,1436866637,"{'view': 0, 'use': 146, 'atten': 378}",0,0,0,0,0,0,0,,old_channel,False,,0,False,378,-,0,,1240034
461212,FULLHOUSETHAI,,,,,0,0,1436866637,"{'view': 0, 'use': 5, 'atten': 0}",0,0,0,0,0,0,0,,old_channel,False,,0,False,0,-,0,,1240034
699571,明星惨状,,,,,0,0,1436866637,"{'view': 0, 'use': 1, 'atten': 0}",0,0,0,0,0,0,0,,old_channel,False,,0,False,0,-,0,,1240048
21338,古剑奇谭,http://i0.hdslb.com/bfs/archive/c93518939806657391ee067f3763348b7e3eeceb.jpg,http://i0.hdslb.com/bfs/archive/db4e934ed356cac43d4e48040710b1b39f0b3cbc.png,《古剑奇谭》是由北京网元圣唐娱乐科技有限公司旗下上海烛龙信息科技有限公司研发的的大型3D仙侠类单机角色扮演游戏,,3,0,1436866637,"{'view': 0, 'use': 53277, 'atten': 19273}",0,0,0,0,0,0,0,,old_channel,False,,0,False,19273,-,0,,1240043
270640,古剑奇谭二,http://i0.hdslb.com/bfs/tag/b36022d73a4691d209d9e363f6ba3a3372ec0315.png,,"古剑奇谭贰：永夜初晗凝碧天，主题为“问道”。
上古之时，一场灾劫席卷大地。
不周山天柱倾塌，天穹皲裂，霪雨无止，大水浩洋不息。
神农至西北一处天裂，以神树矩木为基，兴建流月城。
于此指引众神，以灵力炼制五色石，交由女娲补天。
补天之事耗时弥久，人界黎氓死伤惨重。
有一部族名曰“烈山”，信奉人皇神农，寿数长久，善驭灵气。
烈山部人不忍生灵涂炭，自请入住流月城相助。
神农感其赤诚，欣然应允，于是将一滴神血封入矩木。
使其蕴含的生命之力通过矩木枝叶发散，以供烈山部人不饮不食而活。
补天进展艰难。
天皇伏羲遂启用神剑昭明，赴东海斩杀巨鳌。
取其足支撑四极，暂止天穹倾颓之势。
洪水为之退歇，不日天裂亦告修补完毕。
然而昭明却于此役后崩裂损毁，不复神剑之形。
灾劫过后，人界浊气漫溢，生民因之纷纷病亡。
所幸流月城高居九天，浊气稀薄。
神农便命烈山部族暂居城内，待他另寻适宜居所。
流月城自此留驻于北疆上空。
城中终岁严寒，少有草木，展目只见莽莽矩木、皑皑雪原，冷寂无涯。
烈山部人建起巍峨神殿，于其中昼夜求祈，期盼神明早日归还。",,3,0,1436866637,"{'view': 0, 'use': 5110, 'atten': 1078}",0,0,0,0,0,0,0,,old_channel,False,,0,False,1078,-,0,,1240043
442878,谢沈,,,,,3,0,1436866637,"{'view': 0, 'use': 215, 'atten': 22}",0,0,0,0,0,0,0,,old_channel,False,,0,False,22,-,0,,1240043
438731,沈谢,,,,,3,0,1436866637,"{'view': 0, 'use': 621, 'atten': 71}",0,0,0,0,0,0,0,,old_channel,False,,0,False,71,-,0,,1240043
270641,古剑奇谭2,http://i0.hdslb.com/bfs/tag/b36022d73a4691d209d9e363f6ba3a3372ec0315.png,,,,3,0,1436866637,"{'view': 0, 'use': 4354, 'atten': 130}",0,0,0,0,0,0,0,,old_channel,False,,0,False,130,-,0,,1240043
438730,沈夜,http://i0.hdslb.com/bfs/tag/c9fd1100d0180bfb2a721ca47f3baaa4684c7761.png,,"上海烛龙研发的国产单机游戏《古剑奇谭二：永夜初晗凝碧天》中的重要角色之一，为流月城大祭司、偃师谢衣的师尊、沈曦的兄长。为了流月城烈山一脉得以延续，无奈之下与心魔砺罂联手，将矩木枝投入下界，助砺罂吸食下界七情，提升修为。作为回报，砺罂答应沈夜让烈山部人熏染魔气，从而有能力在人界生存。最终成功将族民迁往下界龙兵屿，并联合乐无异一行人，借助经晗光剑剑灵禺期重塑的神剑昭明，将砺罂杀死。沈夜为自己的决定和所做之事担下罪责，最终以身殉城。
配音演员为上译配音演员吴磊老师，代表角色《哈利·波特》-哈利·波特，《秦时明月系列》-卫庄、星魂，《冰雪奇缘》-雪宝，《大侦探福尔摩斯》-华生，《蝙蝠侠：黑暗骑士》-稻草人，《黑猫警长》（剧场版）-黑猫警长，《哆啦a梦》-胖虎等。",,3,0,1436866637,"{'view': 0, 'use': 1592, 'atten': 703}",0,0,0,0,0,0,0,,old_channel,False,,0,False,703,-,0,,1240043
424882,谢衣,http://i0.hdslb.com/bfs/tag/7c652a0d1b74522a9212611b60303b3253d23c06.png,,"单机游戏《古剑奇谭二》中大偃师，流月城大祭司沈夜之徒。于偃术一途冠绝古今，其制造的偃甲精妙绝伦，为世人所称颂。男主角乐无异对其十分崇拜。曾任流月城破军祭司，精通偃术和法术，在一百年前寻找神剑昭明的西域之行中被沈夜捉拿回流月城，毁去记忆，更名为初七，最终在巫山为了保护乐无异而死。他以自己为原型制作，并放入自己部分记忆的偃甲人谢衣曾收乐无异为徒。
配音演员为赵岭，甄嬛传-允礼、水浒-公孙胜、少包三-庞统、楚汉-项羽、名扬花鼓-名扬、佛跳墙-郑宝厨、记忆的证明-萧汉生、大魔术师-雷大牛",,3,0,1436866637,"{'view': 0, 'use': 2347, 'atten': 889}",0,0,0,0,0,0,0,,old_channel,False,,0,False,889,-,0,,1240043
390327,初七,,,,,3,0,1436866637,"{'view': 0, 'use': 904, 'atten': 27}",0,0,0,0,0,0,0,,old_channel,False,,0,False,27,-,0,,1240043
63948,初夜,,,,,3,0,1436866637,"{'view': 0, 'use': 307, 'atten': 44}",0,0,0,0,0,0,0,,old_channel,False,,0,False,44,-,0,,1240043
699821,UP主说等懒癌好了再去弄视频,,,,,0,0,1436866637,"{'view': 0, 'use': 1, 'atten': 0}",0,0,0,0,0,0,0,,old_channel,False,,0,False,0,-,0,,1240043
211593,全程黑屏,,,,,0,0,1436866637,"{'view': 0, 'use': 61, 'atten': 1}",0,0,0,0,0,0,0,,old_channel,False,,0,False,1,-,0,,1240043
673152,实况攻略,http://i0.hdslb.com/bfs/archive/07068dad9763fcd3df5d2483b629fe843f067e9e.jpg,http://i0.hdslb.com/bfs/archive/3d062e10b66f1a120600bb340c8eeac01ff4bc1f.jpg,游戏实况与攻略视频,,3,0,1436866637,"{'view': 0, 'use': 40086, 'atten': 25420}",0,0,0,0,0,0,0,,old_channel,False,,0,False,25420,-,0,,1240047
300258,爬丝,,,"爬丝是B站一名伪·技术宅（原创UP主）
其视频涉及题材广泛，讲解内容丰富深入
每期视频都力争高画质高清晰度，其作品大多数都为原创
其代表作有《爬丝带你听音乐系列讲解视频》、《爬丝福利系列讲解视频》等",,3,0,1436866637,"{'view': 0, 'use': 227, 'atten': 1608}",0,0,0,0,0,0,0,,old_channel,False,,0,False,1608,-,0,,1240047
7160,实况解说,http://i0.hdslb.com/bfs/tag/36955b7e83ff9f5053cf23bd870d720a598c53aa.jpg,,,,3,0,1436866637,"{'view': 0, 'use': 2788253, 'atten': 26054}",0,0,0,0,0,0,0,,old_channel,False,,0,False,26054,-,0,,1240047
2113,雀龙门,http://i0.hdslb.com/bfs/tag/0b7c68b8dad118b102ac2bd250fed810a741d7b8.jpg,,"《雀龙门3》（日语：雀龙门3，英语：JanRyuMon3）是一款由韩国在线游戏公司NCsoft Corporation开发的，由日本公司NC Japan K.K运营的一款在线3D麻将游戏。2009年12月11日下午4时，《雀龙门》开始正式运营。2010年10月16日，随着一个大规模更新，《雀龙门》更名为“雀龙门2”。2011年10月29日，更新并更名为&quot;雀龙门3&quot;。定期更新时间为每星期二的上午7时至10时。
　　",,3,0,1436866637,"{'view': 0, 'use': 3082, 'atten': 275}",0,0,0,0,0,0,0,,old_channel,False,,0,False,275,-,0,,1240047
673152,实况攻略,http://i0.hdslb.com/bfs/archive/07068dad9763fcd3df5d2483b629fe843f067e9e.jpg,http://i0.hdslb.com/bfs/archive/3d062e10b66f1a120600bb340c8eeac01ff4bc1f.jpg,游戏实况与攻略视频,,3,0,1436866637,"{'view': 0, 'use': 40086, 'atten': 25420}",0,0,0,0,0,0,0,,old_channel,False,,0,False,25420,-,0,,1240051
536,原创,,,1,,3,0,1436866637,"{'view': 0, 'use': 16407725, 'atten': 239592}",0,0,0,0,0,0,0,,old_channel,False,,0,False,239592,-,0,,1240051
5900,高产,http://i0.hdslb.com/bfs/tag/114c1b91980df06940a7de4a8a5ce4314c9ddf1b.jpg,,表示一个UP主更新速度极快,,3,0,1436866637,"{'view': 0, 'use': 7611, 'atten': 209}",0,0,0,0,0,0,0,,old_channel,False,,0,False,209,-,0,,1240051
354039,默寒,http://i0.hdslb.com/bfs/tag/7f9561bd98ab226778238d46aae3284be9525259.jpg,,"默寒的专题，包含Minecraft系列、游戏大丈夫和游戏萌大耐等。
新浪微博：http://weibo.com/576779980 优酷空间：http://i.youku.com/u/UNjA5NDczNjY4  百度贴吧：默寒ZT；交流群群：288099328；极游网YY直播频道：30365",,3,0,1436866637,"{'view': 0, 'use': 2001, 'atten': 401}",0,0,0,0,0,0,0,,old_channel,False,,0,False,401,-,0,,1240051
1841,感人,,,,,3,0,1436866637,"{'view': 0, 'use': 326268, 'atten': 36468}",0,0,0,0,0,0,0,,old_channel,False,,0,False,36468,-,0,,1240051
7160,实况解说,http://i0.hdslb.com/bfs/tag/36955b7e83ff9f5053cf23bd870d720a598c53aa.jpg,,,,3,0,1436866637,"{'view': 0, 'use': 2788253, 'atten': 26054}",0,0,0,0,0,0,0,,old_channel,False,,0,False,26054,-,0,,1240051
26100,悲伤,,,,,0,0,1436866637,"{'view': 0, 'use': 30250, 'atten': 574}",0,0,0,0,0,0,0,,old_channel,False,,0,False,574,-,0,,1240051
598957,游戏萌大耐,,,,,0,0,1436866637,"{'view': 0, 'use': 15, 'atten': 0}",0,0,0,0,0,0,0,,old_channel,False,,0,False,0,-,0,,1240051
199306,勇敢的心,,,,,0,0,1436866637,"{'view': 0, 'use': 7188, 'atten': 106}",0,0,0,0,0,0,0,,old_channel,False,,0,False,106,-,0,,1240051
1444,TAG可以玩系列,,,,,0,0,1436866637,"{'view': 0, 'use': 306, 'atten': 3}",0,0,0,0,0,0,0,,old_channel,False,,0,False,3,-,0,,1240051
700259,TAG可以玩系列！,,,,,0,0,1436866637,"{'view': 0, 'use': 1, 'atten': 0}",0,0,0,0,0,0,0,,old_channel,False,,0,False,0,-,0,,1240051
263089,游戏集锦,http://i0.hdslb.com/bfs/archive/48847e5dc94a9a2526846d7d6051dedc4976066f.png,http://i0.hdslb.com/bfs/tag/c47710d730162f1e1c49d23e68aa0bf42b83b0e9.jpg,,,3,0,1436866637,"{'view': 0, 'use': 1814908, 'atten': 247649}",0,0,0,0,0,0,0,,new_channel,False,#67CFCC,60,False,247649,131.5万,5622,,1240052
211260,WANNA系列,,,,,3,0,1436866637,"{'view': 0, 'use': 4165, 'atten': 17}",0,0,0,0,0,0,0,,old_channel,False,,0,False,17,-,0,,1240052
5031,I,,,,,0,0,1436866637,"{'view': 0, 'use': 4281, 'atten': 22}",0,0,0,0,0,0,0,,old_channel,False,,0,False,22,-,0,,1240052
697417,四国岛,,,,,0,0,1436866637,"{'view': 0, 'use': 32, 'atten': 1}",0,0,0,0,0,0,0,,old_channel,False,,0,False,1,-,0,,1240055
293939,人文地图,,,,,0,0,1436866637,"{'view': 0, 'use': 49, 'atten': 14}",0,0,0,0,0,0,0,,old_channel,False,,0,False,14,-,0,,1240055
622459,MMD.3D,http://i0.hdslb.com/bfs/archive/9bdcd15248fede1b5b32fa4d1fdd92352f6e537f.jpg,,,,3,0,1436866637,"{'view': 0, 'use': 80966, 'atten': 44845}",0,0,0,0,0,0,0,,old_channel,False,,0,False,44845,-,0,,1240063
299929,剧情MMD,,,,,3,0,1436866637,"{'view': 0, 'use': 16432, 'atten': 87683}",0,0,0,0,0,0,0,,old_channel,False,,0,False,87683,-,0,,1240063
699582,THE RISING后续剧情捏他,,,,,0,0,1436866637,"{'view': 0, 'use': 1, 'atten': 0}",0,0,0,0,0,0,0,,old_channel,False,,0,False,0,-,0,,1240063
542541,色气虎叔,,,,,0,0,1436866637,"{'view': 0, 'use': 35, 'atten': 5}",0,0,0,0,0,0,0,,old_channel,False,,0,False,5,-,0,,1240063
66471,TIGER&AMP;BUNNY,,,,,0,0,1436866637,"{'view': 0, 'use': 183, 'atten': 16}",0,0,0,0,0,0,0,,old_channel,False,,0,False,16,-,0,,1240063
4685,好想告诉你,http://i0.hdslb.com/bfs/tag/611cab02bc66c0f758918f02b47451660655c5e6.jpg,,"传说中的“贞子”浓黑的长发，就算是在盛夏也惨白的皮肤，阴沉的脸，连笑容都让人感到恐惧，只要与她对视3秒就会石化。更不用说接近她，令人发毛的阴森感。就是她——黑沼爽子，一个早已经被遗忘的名字，被大家称做“贞子”的女生，从小学到高中都是如此。几乎没有人知道她的本名，天天都被人害怕着。其实，她只是阴沉了一点点而已，只是而已啦。笑起来有点恐怖，周围的空气流动比较诡异点而已。

《好想告诉你》是日本漫画家椎名轻穗创作的一部少女漫画，在集英社旗下的漫画杂志《别册玛格丽特》上连载。2008年获得宝岛社“这本漫画真厉害！”奖少女系作品第一名、讲谈社漫画赏少女部门赏。TV动画的第一季于2009年10月放送，第二季于2011年1月放送。作品还被改编为AVG游戏。",,3,0,1436866637,"{'view': 0, 'use': 2384, 'atten': 118}",0,0,0,0,0,0,0,,old_channel,False,,0,False,118,-,0,,1240060
23292,ACG音乐,http://i0.hdslb.com/bfs/archive/103d4c32e134654e93bdd976933fe2874516a172.jpg,http://i0.hdslb.com/bfs/archive/2bd98de8e6fe0af41d9ca264a8e10b087e365ef6.jpg,ACG音乐相关,ACG音乐相关,3,0,1436866637,"{'view': 0, 'use': 427270, 'atten': 54901}",0,0,0,0,0,0,0,,old_channel,False,,0,False,54901,-,0,,1240060
707,ED,,,,,3,0,1436866637,"{'view': 0, 'use': 128740, 'atten': 72021}",0,0,0,0,0,0,0,,old_channel,False,,0,False,72021,-,0,,1240060
33975,风早翔太,,,,,0,0,1436866637,"{'view': 0, 'use': 154, 'atten': 5}",0,0,0,0,0,0,0,,old_channel,False,,0,False,5,-,0,,1240060
101291,黑沼爽子,,,,,0,0,1436866637,"{'view': 0, 'use': 138, 'atten': 3}",0,0,0,0,0,0,0,,old_channel,False,,0,False,3,-,0,,1240060
22539,好想急死你,,,,,0,0,1436866637,"{'view': 0, 'use': 287, 'atten': 27}",0,0,0,0,0,0,0,,old_channel,False,,0,False,27,-,0,,1240060
23292,ACG音乐,http://i0.hdslb.com/bfs/archive/103d4c32e134654e93bdd976933fe2874516a172.jpg,http://i0.hdslb.com/bfs/archive/2bd98de8e6fe0af41d9ca264a8e10b087e365ef6.jpg,ACG音乐相关,ACG音乐相关,3,0,1436866637,"{'view': 0, 'use': 427270, 'atten': 54901}",0,0,0,0,0,0,0,,old_channel,False,,0,False,54901,-,0,,1240073
711531,拔尖,,,,,0,0,1436866637,"{'view': 0, 'use': 23, 'atten': 0}",0,0,0,0,0,0,0,,old_channel,False,,0,False,0,-,0,,1240073
710661,凄美楪祈,,,,,0,0,1436866637,"{'view': 0, 'use': 2, 'atten': 0}",0,0,0,0,0,0,0,,old_channel,False,,0,False,0,-,0,,1240073
699591,但是不去做绝对做不到!,,,,,0,0,1436866637,"{'view': 0, 'use': 1, 'atten': 0}",0,0,0,0,0,0,0,,old_channel,False,,0,False,0,-,0,,1240073
699590,也许能做到,,,,,0,0,1436866637,"{'view': 0, 'use': 1, 'atten': 0}",0,0,0,0,0,0,0,,old_channel,False,,0,False,0,-,0,,1240073
699589,去做的话,,,,,0,0,1436866637,"{'view': 0, 'use': 1, 'atten': 0}",0,0,0,0,0,0,0,,old_channel,False,,0,False,0,-,0,,1240073
55377,图书馆战争,http://i0.hdslb.com/bfs/tag/f51b8bf1faad19d1f5b79984fcade0f066d08d97.jpg,,为了公序良俗等理由，政府制定了侵犯人权的“媒体净化法”，并成立了“媒体净化委员会”与“净化特务机关”来进行净化工作。与这个强权机关对抗的唯一组织，即为“图书馆”。一群热爱图书馆自由的人们，武装自己与净化机关进行战争，守护图书馆的自由。笠原郁在高中的某一天看到了想买的书，却遇上了净化委员会的成员，这时却出现了一名男人，使对方离开。西元2019年（正化31年），笠原郁加入了战争,,3,0,1436866637,"{'view': 0, 'use': 209, 'atten': 37}",0,0,0,0,0,0,0,,old_channel,False,,0,False,37,-,0,,1240077
23292,ACG音乐,http://i0.hdslb.com/bfs/archive/103d4c32e134654e93bdd976933fe2874516a172.jpg,http://i0.hdslb.com/bfs/archive/2bd98de8e6fe0af41d9ca264a8e10b087e365ef6.jpg,ACG音乐相关,ACG音乐相关,3,0,1436866637,"{'view': 0, 'use': 427270, 'atten': 54901}",0,0,0,0,0,0,0,,old_channel,False,,0,False,54901,-,0,,1240077
530,OP,,,,,3,0,1436866637,"{'view': 0, 'use': 251220, 'atten': 91875}",0,0,0,0,0,0,0,,old_channel,False,,0,False,91875,-,0,,1240077
2850284,明日的街道,,,,,1,0,1479638149,"{'view': 0, 'use': 1, 'atten': 0}",0,0,0,0,0,0,0,,old_channel,False,,0,False,0,-,0,,1240077
622459,MMD.3D,http://i0.hdslb.com/bfs/archive/9bdcd15248fede1b5b32fa4d1fdd92352f6e537f.jpg,,,,3,0,1436866637,"{'view': 0, 'use': 80966, 'atten': 44845}",0,0,0,0,0,0,0,,old_channel,False,,0,False,44845,-,0,,1240086
158647,恶友组,,,,,3,0,1436866637,"{'view': 0, 'use': 1036, 'atten': 524}",0,0,0,0,0,0,0,,old_channel,False,,0,False,524,-,0,,1240086
1142319,舞蹈MMD,http://i0.hdslb.com/bfs/tag/64d4b4214e8206dc90914f1c404c69e6894cae64.jpg,,MMD的全名叫MIKUMIKUDANCE，译为让初音跳舞，所以说我们不制作剧情，只为让模型变得更美。,,3,0,1436866637,"{'view': 0, 'use': 208104, 'atten': 185525}",0,0,0,0,0,0,0,,old_channel,False,,0,False,185525,-,0,,1240086
283911,喵塔利亚,,,,,0,0,1436866637,"{'view': 0, 'use': 247, 'atten': 200}",0,0,0,0,0,0,0,,old_channel,False,,0,False,200,-,0,,1240086
373,演奏,http://i0.hdslb.com/bfs/tag/84631a636ff585aef1d7fbd5ed8e71f0d449202a.png,http://i0.hdslb.com/bfs/tag/f087ca6b0d28c7a0a95a7a4f3eb94a2523eeba52.png,以乐器演奏为主体的视频作品。,一切皆可演奏！,3,0,1436866637,"{'view': 0, 'use': 313217, 'atten': 161292}",0,0,0,0,0,0,0,,new_channel,False,#55B1AF,60,False,161292,451.4万,9041,,1240093
92815,单簧管,,,,,3,0,1436866637,"{'view': 0, 'use': 14684, 'atten': 552}",0,0,0,0,0,0,0,,old_channel,False,,0,False,552,-,0,,1240093
168436,没锁TAG,,,,,0,0,1436866637,"{'view': 0, 'use': 139, 'atten': 0}",0,0,0,0,0,0,0,,old_channel,False,,0,False,0,-,0,,1240093
680,哔哩哔哩,,,,,0,0,1436866637,"{'view': 0, 'use': 197245, 'atten': 7531}",0,0,0,0,0,0,0,,old_channel,False,,0,False,7531,-,0,,1240093
742644,7.21来的喵,,,,,0,0,1436866637,"{'view': 0, 'use': 1, 'atten': 0}",0,0,0,0,0,0,0,,old_channel,False,,0,False,0,-,0,,1240093
700786,TAG要被玩坏,,,,,0,0,1436866637,"{'view': 0, 'use': 1, 'atten': 0}",0,0,0,0,0,0,0,,old_channel,False,,0,False,0,-,0,,1240093
55377,图书馆战争,http://i0.hdslb.com/bfs/tag/f51b8bf1faad19d1f5b79984fcade0f066d08d97.jpg,,为了公序良俗等理由，政府制定了侵犯人权的“媒体净化法”，并成立了“媒体净化委员会”与“净化特务机关”来进行净化工作。与这个强权机关对抗的唯一组织，即为“图书馆”。一群热爱图书馆自由的人们，武装自己与净化机关进行战争，守护图书馆的自由。笠原郁在高中的某一天看到了想买的书，却遇上了净化委员会的成员，这时却出现了一名男人，使对方离开。西元2019年（正化31年），笠原郁加入了战争,,3,0,1436866637,"{'view': 0, 'use': 209, 'atten': 37}",0,0,0,0,0,0,0,,old_channel,False,,0,False,37,-,0,,1240091
23292,ACG音乐,http://i0.hdslb.com/bfs/archive/103d4c32e134654e93bdd976933fe2874516a172.jpg,http://i0.hdslb.com/bfs/archive/2bd98de8e6fe0af41d9ca264a8e10b087e365ef6.jpg,ACG音乐相关,ACG音乐相关,3,0,1436866637,"{'view': 0, 'use': 427270, 'atten': 54901}",0,0,0,0,0,0,0,,old_channel,False,,0,False,54901,-,0,,1240091
707,ED,,,,,3,0,1436866637,"{'view': 0, 'use': 128740, 'atten': 72021}",0,0,0,0,0,0,0,,old_channel,False,,0,False,72021,-,0,,1240091
2763057,changes,,,,,0,0,1477541174,"{'view': 0, 'use': 162, 'atten': 0}",0,0,0,0,0,0,0,,old_channel,False,,0,False,0,-,0,,1240091
5249,神谷浩史,http://i0.hdslb.com/bfs/tag/9c3541ab7e955c3ab6fa44387be10f85e922ad1a.png,http://i0.hdslb.com/bfs/tag/e81720854a510df9993c17aea96b9d6712d6089c.jpg,"神谷浩史，日本著名男性声优。2007年起，和小野大辅在广播节目DearGirl~Stories~中开始合作。主要作品：夏目贵志《夏目友人帐》、缇耶利亚··厄德《高达00》、折原临也《DRRR!》、糸色望《再见！绝望先生》、阿良良木历《化物语》。获得四次声优奖：最佳男配角赏、最佳男主角奖、最佳广播主持奖、最多得票奖。并且获2010年东京国际动漫节第9回东京动画奖声优赏。

中文名： 	神谷浩史
外文名： 	（平假名）かみや ひろし，（罗马字）Kamiya Hiroshi
别名： 	Hiroc、猫C
国籍： 	日本
出生地： 	日本千叶县松户市
出生日期： 	1975年1月28日
",,3,0,1436866637,"{'view': 0, 'use': 18671, 'atten': 36022}",0,0,0,0,0,0,0,,new_channel,False,#9371FA,60,False,36022,1.1万,107,,1240094
18939,宇多田光,http://i0.hdslb.com/bfs/tag/6052e234412e81367790b3bb3d811142e629ade5.jpg,,"宇多田光（日语：宇多田 ヒカル，1983年1月19日－），日裔美國人女歌手、作詞家、作曲家、音樂製作人。出生於美國紐約市。所屬唱片公司為EMI Music Japan（原東芝EMI），所屬經紀公司為U3MUSIC。暱稱為「ヒッキー」（Hikki）。
除作為演唱歌手外，其樂曲之作詞、作曲亦多由本人完成。其父親是音樂製作人宇多田照實，也是她目前的經紀人。母親是日本1970年代風靡一世的演歌歌手藤圭子。
在2011年，她以「希望去學習自己所不足的部分」的原因，暫停歌手活動。",,3,0,1436866637,"{'view': 0, 'use': 13312, 'atten': 1722}",0,0,0,0,0,0,0,,old_channel,False,,0,False,1722,-,0,,1240094
146831,STAY GOLD,,,,,0,0,1436866637,"{'view': 0, 'use': 45, 'atten': 0}",0,0,0,0,0,0,0,,old_channel,False,,0,False,0,-,0,,1240094
673152,实况攻略,http://i0.hdslb.com/bfs/archive/07068dad9763fcd3df5d2483b629fe843f067e9e.jpg,http://i0.hdslb.com/bfs/archive/3d062e10b66f1a120600bb340c8eeac01ff4bc1f.jpg,游戏实况与攻略视频,,3,0,1436866637,"{'view': 0, 'use': 40086, 'atten': 25420}",0,0,0,0,0,0,0,,old_channel,False,,0,False,25420,-,0,,1240106
7160,实况解说,http://i0.hdslb.com/bfs/tag/36955b7e83ff9f5053cf23bd870d720a598c53aa.jpg,,,,3,0,1436866637,"{'view': 0, 'use': 2788253, 'atten': 26054}",0,0,0,0,0,0,0,,old_channel,False,,0,False,26054,-,0,,1240106
100798,妖妖剑戟梦想,,,,,0,0,1436866637,"{'view': 0, 'use': 156, 'atten': 13}",0,0,0,0,0,0,0,,old_channel,False,,0,False,13,-,0,,1240106
